{"scale_": [0.03571428571428571, 0.012987012987012988, 0.023255813953488372, 0.03776132976069616, 0.14285714285714285, 0.3333333333333333, 0.08333333333333333, 0.03333333333333333, 1.0, 0.2, 0.045454545454545456, 0.043478260869565216, 4.472049689663208, 1.0, 1.0, 1.0, 1.0, 1.0, 1.0, 1.0], "min_": [-0.7142857142857142, -0.4025974025974026, -3.186046511627907, -0.4689157276910807, -1.5714285714285714, -0.6666666666666666, 0.0, 0.0, 0.0, 0.0, -1.1818181818181819, -1.0434782608695652, -3.3788819879442924, 0.0, 0.0, 0.0, 0.0, 0.0, 0.0, 0.0], "data_min_": [20.0, 31.0, 137.0, 12.41788175, 11.0, 2.0, 0.0, 0.0, 0.0, 0.0, 26.0, 24.0, 0.7555555556, 0.0, 0.0, 0.0, 0.0, 0.0, 0.0, 0.0], "data_max_": [48.0, 108.0, 180.0, 38.9, 18.0, 5.0, 12.0, 30.0, 1.0, 5.0, 48.0, 47.0, 0.9791666667, 1.0, 1.0, 1.0, 1.0, 1.0, 1.0, 1.0], "data_range_": [28.0, 77.0, 43.0, 26.48211825, 7.0, 3.0, 12.0, 30.0, 1.0, 5.0, 22.0, 23.0, 0.22361111109999998, 1.0, 1.0, 1.0, 1.0, 1.0, 1.0, 1.0]}